,date_time,user_name,in_out,user_class
0,2023-07-21 11:53:46,깃이-노비스,IN,노비스
1,2023-07-21 11:53:51,엄지척 어피치,OUT,Not defined
2,2023-07-21 11:53:52,오복이언니-워드프레스수강생,IN,수강생
3,2023-07-21 11:54:38,마에-노비스,IN,노비스
4,2023-07-21 11:55:27,플레인-노비스,IN,노비스
5,2023-07-21 11:55:39,순선생 - seo수강생,IN,수강생
6,2023-07-21 11:55:50,카라뜨 - 노비스,IN,노비스
7,2023-07-21 11:57:50,고라니-노비스,IN,노비스
8,2023-07-21 11:58:08,세나-워프 수강생,IN,수강생
9,2023-07-21 11:58:38,주하담 - SEO 수강생,IN,수강생
10,2023-07-21 11:59:47,홍티-노비스,IN,노비스
11,2023-07-21 12:00:06,주하담 - SEO 수강생,OUT,수강생
12,2023-07-21 12:00:41,ACTGETIT-노비스,IN,노비스
13,2023-07-21 12:00:52,이엘 - 노비스,IN,노비스
14,2023-07-21 12:01:18,스카이워커_워프수강생,IN,수강생
15,2023-07-21 12:01:20,초롱튜브,IN,Not defined
16,2023-07-21 12:02:52,에코-노비스,IN,노비스
17,2023-07-21 12:03:13,Da7588-노비스,IN,노비스
18,2023-07-21 12:03:26,아이스조다-노비스,IN,노비스
19,2023-07-21 12:06:29,프로미스 - 노비스,IN,노비스
20,2023-07-21 12:06:58,장군-노비스,IN,노비스
21,2023-07-21 12:07:23,지로 - 워프 수강생,IN,수강생
22,2023-07-21 12:08:58,선풍기 바람 쐬는 어피치,IN,Not defined
23,2023-07-21 12:09:31,아푸 - 노비스,IN,노비스
24,2023-07-21 12:11:05,이공팔공골퍼 @2080_golfer,IN,Not defined
25,2023-07-21 12:11:54,kkp-노비스,IN,노비스
26,2023-07-21 12:12:22,우르스오너가될거얏-노비스,IN,노비스
27,2023-07-21 12:14:28,아라블로그-노비스,IN,노비스
28,2023-07-21 12:16:02,네자매맘(노비스),IN,노비스
29,2023-07-21 12:16:11,네자매맘(노비스),OUT,노비스
30,2023-07-21 12:16:30,네자매맘(노비스),IN,노비스
31,2023-07-21 12:16:59,님즈 -노비스,IN,노비스
32,2023-07-21 12:17:25,joee -노비스,IN,노비스
33,2023-07-21 12:17:40,에디루-노비스,IN,노비스
34,2023-07-21 12:19:08,벼리-노비스,IN,노비스
35,2023-07-21 12:19:20,알비오 - SEO 수강생,IN,수강생
36,2023-07-21 12:19:53,세렝,IN,Not defined
37,2023-07-21 12:20:42,재필각 - 워프 수강생,IN,수강생
38,2023-07-21 12:24:12,Ethan seo수강생,IN,수강생
39,2023-07-21 12:24:30,초롱초롱 무지 - seo수강생,IN,수강생
40,2023-07-21 12:25:37,보기맘-노비스,IN,노비스
41,2023-07-21 12:26:34,리얼플라이-노비스,IN,노비스
42,2023-07-21 12:27:00,별별 - 노비스,IN,노비스
43,2023-07-21 12:27:10,마드라스 - 노비스,IN,노비스
44,2023-07-21 12:29:22,⛤ 워프수강생,IN,수강생
45,2023-07-21 12:30:01,enigmaaa-워프수강생,IN,수강생
46,2023-07-21 12:31:10,치성 - 노비스,IN,노비스
47,2023-07-21 12:31:48,제니팍-노비스,IN,노비스
48,2023-07-21 12:33:00,한요한-노비스,IN,노비스
49,2023-07-21 12:35:07,5후난-노비스,IN,노비스
50,2023-07-21 12:35:59,혁2 - 노비스,IN,노비스
51,2023-07-21 12:36:31,윤쓰,IN,Not defined
52,2023-07-21 12:36:57,곰곰곰 - 워프 수강생,IN,수강생
53,2023-07-21 12:37:43,반도 - 워프수강생,IN,수강생
54,2023-07-21 12:37:47,miamigo - 노비스,IN,노비스
55,2023-07-21 12:37:51,애둘센스-노비스,IN,노비스
56,2023-07-21 12:37:59,개미 - seo수강생,IN,수강생
57,2023-07-21 12:40:01,Noah - 노비스,IN,노비스
58,2023-07-21 12:40:57,라이프프리덤 - 노비스,IN,노비스
59,2023-07-21 12:48:07,클리크72-노비스,IN,노비스
60,2023-07-21 12:48:38,전 갑니다-노비스,IN,노비스
61,2023-07-21 12:49:55,35m - 노비스,IN,노비스
62,2023-07-21 12:50:17,쿠로미-워프수강생,IN,수강생
63,2023-07-21 12:51:35,진하 -노비스,IN,노비스
64,2023-07-21 12:51:39,배재한 -노비스,IN,노비스
65,2023-07-21 12:53:27,기뻐하는 라이언,IN,Not defined
66,2023-07-21 12:54:31,쀼뀨팡-노비스,IN,노비스
67,2023-07-21 12:58:17,계두국수-노비스,IN,노비스
68,2023-07-21 12:59:03,보티첼리-SEO수강생,IN,수강생
69,2023-07-21 13:01:48,제시카09-워프수강생,IN,수강생
70,2023-07-21 13:02:37,주하담 - SEO 수강생,IN,수강생
71,2023-07-21 13:03:01,가디언즈 - 노비스,IN,노비스
72,2023-07-21 13:04:44,정현호-노비스,IN,노비스
73,2023-07-21 13:04:48,대구멋재이-노비스,IN,노비스
74,2023-07-21 13:06:55,배당귀족-노비스,IN,노비스
75,2023-07-21 13:07:01,맥너겟 - 워프 수강생,IN,수강생
76,2023-07-21 13:08:03,연단 - 워프 수강생,IN,수강생
77,2023-07-21 13:11:41,잠실집돌이,IN,Not defined
78,2023-07-21 13:12:46,초코우유 -노비스,IN,노비스
79,2023-07-21 13:13:24,노비스-워프수강생,IN,노비스
80,2023-07-21 13:13:35,치큼이 - 노비스,IN,노비스
81,2023-07-21 13:13:47,태평양금붕어-노비스,IN,노비스
82,2023-07-21 13:16:05,귀감 - 노비스,IN,노비스
83,2023-07-21 13:24:26,부자들과 함께-노비스,IN,노비스
84,2023-07-21 13:25:47,윈즈-노비스,IN,노비스
85,2023-07-21 13:26:51,목표는성공-노비스,IN,노비스
86,2023-07-21 13:31:10,김아 노비스,IN,노비스
87,2023-07-21 13:31:48,마르첼라-노비스,IN,노비스
88,2023-07-21 13:32:38,소라/노비스,IN,노비스
89,2023-07-21 13:34:00,가담 - SEO 수강생,IN,수강생
90,2023-07-21 13:34:18,dyy-노비스,IN,노비스
91,2023-07-21 13:35:00,쿡이-수강생,IN,수강생
92,2023-07-21 13:35:05,월리 - 노비스,IN,노비스
93,2023-07-21 13:35:31,레이나7-노비스,IN,노비스
94,2023-07-21 13:35:42,골드래빗-노비스,IN,노비스
95,2023-07-21 13:36:53,지룽-노비스,IN,노비스
96,2023-07-21 13:38:21,싸비터치 - 노비스,IN,노비스
97,2023-07-21 13:39:53,꾸씨-노비스,IN,노비스
98,2023-07-21 13:40:48,진짜베기 - 테이커,IN,테이커
99,2023-07-21 13:44:35,노마드 - 노비스,IN,노비스
100,2023-07-21 13:45:02,쏘니헨리 - 워프 수강생,IN,수강생
101,2023-07-21 13:45:40,홀맨 - SEO 수강생,IN,수강생
102,2023-07-21 13:55:46,남해술대장-노비스,IN,노비스
103,2023-07-21 13:57:13,빈이파파-노비스,IN,노비스
104,2023-07-21 13:57:36,빈이파파-노비스,OUT,노비스
105,2023-07-21 13:57:59,빈이파파-노비스,IN,노비스
106,2023-07-21 13:58:43,이맘쯤ㅡ노비스,IN,노비스
107,2023-07-21 13:58:57,현 쟌 - 노비스,IN,노비스
108,2023-07-21 13:59:07,늘하-워프 수강생,IN,수강생
109,2023-07-21 14:00:52,kaiem-노비스,IN,노비스
110,2023-07-21 14:02:47,김희도-워프수강,IN,Not defined
111,2023-07-21 14:02:48,큰청 - SEO 수강생,IN,수강생
112,2023-07-21 14:08:30,야우키후-노비스,IN,노비스
113,2023-07-21 14:09:52,빌라넬-메쳐,IN,Not defined
114,2023-07-21 14:11:23,나는야상어왕 - seo수강생,IN,수강생
115,2023-07-21 14:13:40,현 - SEO수강생,IN,수강생
116,2023-07-21 14:15:04,코코맘-노비스,IN,노비스
117,2023-07-21 14:16:16,넴진-노비스,IN,노비스
118,2023-07-21 14:20:00,사용중입니-노비스,IN,노비스
119,2023-07-21 14:22:32,링리랑-노비스,IN,노비스
120,2023-07-21 14:26:44,꼭짓점 - seo 수강생,IN,수강생
121,2023-07-21 14:27:11,김그림 - 노마드,IN,Not defined
122,2023-07-21 14:28:09,KWONJONES - 워프 수강생,IN,수강생
123,2023-07-21 14:39:19,효나-노비스,IN,노비스
124,2023-07-21 14:43:42,슈셔린-노비스,IN,노비스
125,2023-07-21 14:45:56,하르하르,IN,Not defined
126,2023-07-21 14:56:07,오아시스 - 노비스,IN,노비스
127,2023-07-21 14:57:59,포텐몬 - SEO 수강생,IN,수강생
128,2023-07-21 14:58:51,행킹 - 매처,IN,매처
129,2023-07-21 14:58:54,포텐몬 - SEO 수강생,OUT,수강생
130,2023-07-21 15:00:15,포텐몬 - SEO 수강생,IN,수강생
131,2023-07-21 15:07:19,노마드햇병아리 - 노비스,IN,노비스
132,2023-07-21 15:07:44,별을 찾아서 - seo 수강생,IN,수강생
133,2023-07-21 15:12:49,딸기야아 - SEO수강생,IN,수강생
134,2023-07-21 15:15:49,뉴웨이크 - 노비스,IN,노비스
135,2023-07-21 15:17:29,정성우 - SEO수강생,IN,수강생
136,2023-07-21 15:27:00,프레 - SEO수강생,IN,수강생
137,2023-07-21 15:32:28,콩두부남편-워프수강생,IN,수강생
138,2023-07-21 15:35:13,해적펭귄-노비스,IN,노비스
139,2023-07-21 15:40:07,훈꿍 - 노비스,IN,노비스
140,2023-07-21 15:46:44,오늘이마지막이야 - 노비스,IN,노비스
141,2023-07-21 15:50:46,연화 -노비스,IN,노비스
142,2023-07-21 15:52:22,김갬이-노비스,IN,노비스
143,2023-07-21 15:52:47,용,IN,Not defined
144,2023-07-21 15:54:25,바미애미-노비스,IN,노비스
145,2023-07-21 15:56:41,솜-워프수강생,IN,수강생
146,2023-07-21 15:59:02,well,IN,Not defined
147,2023-07-21 15:59:50,벤치프레스 - 노비스,IN,노비스
148,2023-07-21 16:03:12,미나밍-노비스,IN,노비스
149,2023-07-21 16:07:54,이혜미-워프 수강생,IN,수강생
150,2023-07-21 16:08:00,지니맘-워프수강생,IN,수강생
151,2023-07-21 16:10:25,메리 - 노비스,IN,노비스
152,2023-07-21 16:10:25,다이룸 - 노비스,IN,노비스
153,2023-07-21 16:10:30,가자-노비스,IN,노비스
154,2023-07-21 16:14:55,나나M-노비스,IN,노비스
155,2023-07-21 16:15:46,포도딸기-노비스,IN,노비스
156,2023-07-21 16:29:12,0.01달러 - 노비스,IN,노비스
157,2023-07-21 16:31:04,Baram,IN,Not defined
158,2023-07-21 16:31:12,지노 - 노비스,IN,노비스
159,2023-07-21 16:31:47,페르미-노비스,IN,노비스
160,2023-07-21 16:33:33,요이후-노비스,IN,노비스
161,2023-07-21 16:39:04,우정사랑평화 - seo 수강생,IN,수강생
162,2023-07-21 16:40:23,청룡 - 워프수강생,IN,수강생
163,2023-07-21 16:42:32,꼬마회장-노비스,IN,노비스
164,2023-07-21 16:42:40,James - 노비스,IN,노비스
165,2023-07-21 16:44:01,은남-노비스,IN,노비스
166,2023-07-21 16:50:36,삼동시 - 노비스,IN,노비스
167,2023-07-21 16:53:16,우진 - 노비스,IN,노비스
168,2023-07-21 16:54:03,꼬마이엔티 - 노비스,IN,노비스
169,2023-07-21 16:55:21,워프왕 - 워프수강생,IN,수강생
170,2023-07-21 17:01:01,포기하지않는마음-노비스,IN,노비스
171,2023-07-21 17:01:35,룰루-SEO수강생,IN,수강생
172,2023-07-21 17:07:00,호랑 - 노비스,IN,노비스
173,2023-07-21 17:09:08,경제적자유-워프수강생,IN,수강생
174,2023-07-21 17:18:55,힐러즈-노비스,IN,노비스
175,2023-07-21 17:28:00,김꼬꼬 - 노비스,IN,노비스
176,2023-07-21 17:28:22,내천직,IN,Not defined
177,2023-07-21 17:30:53,곰소니 - 노비스,IN,노비스
178,2023-07-21 17:36:24,작하-노비스,IN,노비스
179,2023-07-21 17:47:25,백석영-노비스,IN,노비스
180,2023-07-21 17:49:40,노마드현,IN,Not defined
181,2023-07-21 17:49:57,Soo - 노비스,IN,노비스
182,2023-07-21 17:57:25,맘뚜레 워프수강생,IN,수강생
183,2023-07-21 18:00:34,뉴뜨-워프 수강생,IN,수강생
184,2023-07-21 18:02:51,성공ING - 워프수강생,IN,수강생
185,2023-07-21 18:03:12,빰빰빠라빰- 워프 수강생,IN,수강생
186,2023-07-21 18:08:45,최은혜 - SEO수강생,IN,수강생
187,2023-07-21 18:12:09,cocomom0711- 워프수강생,IN,수강생
188,2023-07-21 18:13:13,유일 - 노비스,IN,노비스
189,2023-07-21 18:13:27,Yg1008 - 워프수강생,IN,수강생
190,2023-07-21 18:16:02,꿈종 - 워드프레스 수강생,IN,수강생
191,2023-07-21 18:17:11,대딩대딩 노비스,IN,노비스
192,2023-07-21 18:18:26,낙타_노비스,IN,노비스
193,2023-07-21 18:20:46,인생은노른자,IN,Not defined
194,2023-07-21 18:20:56,뽀단스 - 워프수강생,IN,수강생
195,2023-07-21 18:39:06,dia-노비스,IN,노비스
196,2023-07-21 18:51:23,오픈채팅봇,OUT,Bot
197,2023-07-21 19:08:44,토리닥,IN,Not defined
198,2023-07-21 19:17:09,위고하이,IN,Not defined
199,2023-07-21 19:30:00,슈어걸-노비스,IN,노비스
200,2023-07-21 19:31:58,사표내는날-노비스,IN,노비스
201,2023-07-21 19:32:13,인간비타민 -노비스,IN,노비스
202,2023-07-21 19:32:46,머리 빗는 네오,IN,Not defined
203,2023-07-21 19:35:44,스타셀77-노비스,IN,노비스
204,2023-07-21 19:35:52,민마드-노비스,IN,노비스
205,2023-07-21 19:43:11,꼬마여비-노비스,IN,노비스
206,2023-07-21 19:44:54,프로도-워프수강생,IN,수강생
207,2023-07-21 20:09:51,말썽쟁이 네오,IN,Not defined
208,2023-07-21 20:11:16,뜨끈하다잉 - 노비스,IN,노비스
209,2023-07-21 20:15:53,해내야지-매처,IN,매처
210,2023-07-21 20:16:13,김준표,IN,Not defined
211,2023-07-21 20:30:41,아기강아지-노비스,IN,노비스
212,2023-07-21 20:32:13,운동하는 라이언,IN,Not defined
213,2023-07-21 20:32:50,운동하는 라이언,OUT,Not defined
214,2023-07-21 20:34:07,phinple - 워드프레스 수강생,IN,수강생
215,2023-07-21 20:41:50,역전 - 노비스,IN,노비스
216,2023-07-21 20:54:48,엄지척 제이지,IN,Not defined
217,2023-07-21 20:56:17,관태하-노비스,IN,노비스
218,2023-07-21 21:11:15,김태준 - 노비스,IN,노비스
219,2023-07-21 21:20:17,꿈꾸는말-노비스,IN,노비스
220,2023-07-21 21:22:31,건자 - 노비스,IN,노비스
221,2023-07-21 21:23:20,Hope-노비스,IN,노비스
222,2023-07-21 21:32:41,중윤- seo 수강생,IN,수강생
223,2023-07-21 21:33:22,티안림 - 노비스,IN,노비스
224,2023-07-21 21:44:54,흙수저탈출하기-노비스,IN,노비스
225,2023-07-21 21:46:23,밤한톨-노비스,IN,노비스
226,2023-07-21 21:48:35,루비망고-노비스,IN,노비스
227,2023-07-21 21:48:48,작은언니_워프수강생,IN,수강생
228,2023-07-21 21:54:45,가리-노비스,IN,노비스
229,2023-07-21 21:54:57,GoodDay-노비스,IN,노비스
230,2023-07-21 21:58:44,챙주-노비스,IN,노비스
231,2023-07-21 22:01:03,군포24-노비스,IN,노비스
232,2023-07-21 22:36:17,김세모 - 노비스,IN,노비스
233,2023-07-21 22:37:53,인사하는 제이지,IN,Not defined
234,2023-07-21 22:38:12,인사하는 제이지,OUT,Not defined
235,2023-07-21 22:40:13,하코스-워프 수강생,IN,수강생
236,2023-07-21 22:41:00,카이든 -SEO 수강생,IN,수강생
237,2023-07-21 22:52:55,.,IN,Not defined
238,2023-07-21 22:59:35,비둘기- 워프수강생,IN,수강생
239,2023-07-21 23:33:59,로기 - seo 수강생,IN,수강생
240,2023-07-21 23:40:22,대홍 - SEO 수강생,IN,수강생
241,2023-07-21 23:42:14,ㄱ,IN,Not defined
242,2023-07-21 23:47:53,룰루v랄라-노비스,IN,노비스
243,2023-07-22 00:06:57,킹리치대디-SEO 수강생,IN,수강생
244,2023-07-22 00:30:36,이의찬 - 노비스,IN,노비스
245,2023-07-22 00:32:01,아이노-노비스,IN,노비스
246,2023-07-22 00:44:43,서재호 - 워프 수강생,IN,수강생
247,2023-07-22 00:55:00,비다상 - 노비스,IN,노비스
248,2023-07-22 00:55:39,봄날벚꽃 - 노비스,IN,노비스
249,2023-07-22 01:32:40,이기중 -SEO수강생,IN,수강생
250,2023-07-22 01:33:59,리리오-노비스,IN,노비스
251,2023-07-22 01:46:07,뜐댕이-노비스,IN,노비스
252,2023-07-22 02:25:08,쟈쟈쟌_노비스,IN,노비스
253,2023-07-22 03:51:04,거북이거북이 - 노비스,IN,노비스
254,2023-07-22 05:08:40,초업가-노비스,IN,노비스
255,2023-07-22 06:08:24,로로비-노비스,IN,노비스
256,2023-07-22 07:18:28,그린슈즈-노비스,IN,노비스
257,2023-07-22 07:23:49,터틀-노비스,IN,노비스
258,2023-07-22 07:26:47,로워드 - 개발자 1,IN,Not defined
259,2023-07-22 09:12:21,우렁 - 노마드,IN,Not defined
260,2023-07-22 09:15:49,다모토리-노비스,IN,노비스
261,2023-07-22 09:26:50,BB-SEO수강생,IN,수강생
262,2023-07-22 09:31:50,킁킁냠냠-노비스,IN,노비스
263,2023-07-22 09:47:39,수수 - 노비스,IN,노비스
264,2023-07-22 09:51:53,안이프-워프수강생,IN,수강생
265,2023-07-22 09:53:22,경례하는 프로도,IN,Not defined
266,2023-07-22 09:58:26,승미닝 - 노비스,IN,노비스
267,2023-07-22 10:25:44,국가유공자-노비스,IN,노비스
268,2023-07-22 10:26:47,럭키도도,IN,Not defined
269,2023-07-22 10:55:14,제라드04 - 노비스,IN,노비스
270,2023-07-22 10:55:32,찌니마미-노비스,IN,노비스
271,2023-07-22 11:17:51,에반-노비스,IN,노비스
272,2023-07-22 11:32:14,하이유정-노비스,IN,노비스
273,2023-07-22 11:41:01,하입보이 - 워프수강생,IN,수강생
274,2023-07-22 11:46:09,투위스투-노비스,IN,노비스
275,2023-07-22 11:47:41,DGYEOM - 노비스,IN,노비스
276,2023-07-22 12:10:33,포비 - SEO수강생,IN,수강생
277,2023-07-22 12:11:19,라스컬 - 노비스,IN,노비스
278,2023-07-22 12:15:48,란란라 - 워프수강생,IN,수강생
279,2023-07-22 12:28:15,갓생 - 노비스,IN,노비스
280,2023-07-22 12:43:39,노비스 안삐삐,IN,노비스
281,2023-07-22 12:44:09,라마타임-노비스,IN,노비스
282,2023-07-22 12:47:32,sss333-노비스,IN,노비스
283,2023-07-22 13:09:49,최민준mj-노비스,IN,노비스
284,2023-07-22 13:22:52,감말랭-노비스,IN,노비스
285,2023-07-22 13:48:43,뉴리프 - 노비스,IN,노비스
286,2023-07-22 13:58:52,로알남따라기,IN,Not defined
287,2023-07-22 14:13:05,Prime JW - 노비스,IN,노비스
288,2023-07-22 14:22:10,디노모드 - 노비스,IN,노비스
289,2023-07-22 14:58:47,Hyper1/노비스,IN,노비스
290,2023-07-22 15:00:01,화니-노비스,IN,노비스
291,2023-07-22 15:43:47,평생배우는기버 - 노비스,IN,노비스
292,2023-07-22 15:48:50,목표100억-노비스,IN,노비스
293,2023-07-22 15:59:13,대장과일,IN,Not defined
294,2023-07-22 16:03:55,디지털세계-노비스,IN,노비스
295,2023-07-22 16:07:36,bebeyond - 노비스,IN,노비스
296,2023-07-22 16:11:33,민쓰-노비스,IN,노비스
297,2023-07-22 16:23:51,엄지척-노비스,IN,노비스
298,2023-07-22 16:37:30,윤루카스 - 유니콘,IN,유니콘
299,2023-07-22 16:43:12,벤더라-노비스,IN,노비스
300,2023-07-22 16:43:57,바록드 - 노비스,IN,노비스
301,2023-07-22 16:45:28,MUNGA-노비스,IN,노비스
302,2023-07-22 17:39:26,정수르-노비스,IN,노비스
303,2023-07-22 17:44:56,다올-seo수강생,IN,수강생
304,2023-07-22 18:01:57,자이자-노비스,IN,노비스
305,2023-07-22 18:02:31,파이팅하는 무지,IN,Not defined
306,2023-07-22 19:18:57,3개국어-노비스,IN,노비스
307,2023-07-22 19:27:18,불타는단-seo수강생,IN,수강생
308,2023-07-22 19:46:28,껌딱지-노비스,IN,노비스
309,2023-07-22 20:23:13,러블리선-노비스,IN,노비스
310,2023-07-22 20:30:15,Lifegiver-노비스,IN,노비스
311,2023-07-22 20:49:31,suk,IN,Not defined
312,2023-07-22 21:07:59,써니-seo 수강생,IN,수강생
313,2023-07-22 21:29:36,프렌즈,IN,Not defined
314,2023-07-22 21:51:23,이준혁 - 노비스,IN,노비스
315,2023-07-22 21:58:22,오픈채팅봇,IN,Bot
316,2023-07-22 22:08:23,빛락 - 노비스,IN,노비스
317,2023-07-22 23:10:31,로알봇,IN,Bot
318,2023-07-22 23:44:07,지노 - 노비스,OUT,노비스
319,2023-07-23 00:17:11,주완-노비스,IN,노비스
320,2023-07-23 00:22:00,세계장악,IN,Not defined
321,2023-07-23 00:27:51,서여사님-노비스,IN,노비스
322,2023-07-23 01:30:15,브랜트 - 노비스,IN,노비스
323,2023-07-23 02:51:56,부끄러운 어피치,IN,Not defined
324,2023-07-23 03:47:50,요슬시계-노비스,IN,노비스
325,2023-07-23 08:58:46,봄이아빠b-노비스,IN,노비스
326,2023-07-23 09:17:15,자유-노비스,IN,노비스
327,2023-07-23 09:24:14,머니메이커스-워프수강생,IN,수강생
328,2023-07-23 09:24:27,산타클로니,IN,Not defined
329,2023-07-23 09:46:39,SHINE-seo수강생,IN,수강생
330,2023-07-23 11:00:25,츄-노비스,IN,노비스
331,2023-07-23 11:16:22,보리수-노비스,IN,노비스
332,2023-07-23 11:28:06,페라로마 - 노비스(신생아),IN,노비스
333,2023-07-23 11:39:17,알미/노비스,IN,노비스
334,2023-07-23 12:01:06,엑시터 - 노비스,IN,노비스
335,2023-07-23 12:17:17,이지지-노비스,IN,노비스
336,2023-07-23 12:20:27,돈린이 - 노비스,IN,노비스
337,2023-07-23 12:41:47,로얄층알려주는남자-워프수강생,IN,수강생
338,2023-07-23 13:16:03,터닝 포인트 - 노비스,IN,노비스
339,2023-07-23 13:34:12,디지털영마드 - 노비스,IN,노비스
340,2023-07-23 13:42:00,훈초이 - 노비스,IN,노비스
341,2023-07-23 14:53:54,꾸주니 - 노비스,IN,노비스
342,2023-07-23 16:24:06,우주최강말썽쟁이 - 노비스,IN,노비스
343,2023-07-23 16:53:21,melli,IN,Not defined
344,2023-07-23 17:11:02,그투탑 - 노비스,IN,노비스
345,2023-07-23 17:32:06,멀리버드-노비스,IN,노비스
346,2023-07-23 18:46:54,디딤돌-노비스,IN,노비스
347,2023-07-23 19:11:51,리빙 체인저 - 워프수강생,IN,수강생
348,2023-07-23 19:55:32,오아시스 - 노비스,OUT,노비스
349,2023-07-23 19:59:25,데이먼 - 워프 수강생,IN,수강생
350,2023-07-23 20:09:21,마틸다 - 노비스,IN,노비스
351,2023-07-23 20:35:34,꿈은이루어진다-노비스,IN,노비스
352,2023-07-23 21:42:38,KRW - 노비스,IN,노비스
353,2023-07-23 22:25:37,어우다-노비스,IN,노비스
354,2023-07-23 23:19:13,먹보 네오,IN,Not defined
355,2023-07-23 23:23:28,택배 상자를 든 네오,OUT,Not defined
356,2023-07-24 00:04:11,くるくるメガネにジャージ姿のネオ,IN,Not defined
357,2023-07-24 00:27:54,영재형사랑해뽀뽀쪽 - 노비스,IN,노비스
358,2023-07-24 00:37:44,오아시스 - 노비스,IN,노비스
359,2023-07-24 02:11:55,날 - 노비스,IN,노비스
360,2023-07-24 02:32:55,dramagil-노비스,IN,노비스
361,2023-07-24 03:05:52,튜브낀 튜브,IN,Not defined
362,2023-07-24 04:43:18,초롱초롱_노비스,IN,노비스
363,2023-07-24 05:26:14,머리 빗는 네오,OUT,Not defined
364,2023-07-24 07:20:21,쿠잉월드 - 노비스,IN,노비스
365,2023-07-24 07:43:12,sm,IN,Not defined
366,2023-07-24 09:05:15,앨리스짱-노비스,IN,노비스
367,2023-07-24 09:21:53,나폴레온 - 워프수강생,IN,수강생
368,2023-07-24 11:09:34,Club1m - 노비스,IN,노비스
369,2023-07-24 11:32:38,Eliezer-노비스,OUT,노비스
370,2023-07-24 11:54:16,이성모 - 노비스,IN,노비스
371,2023-07-24 12:36:17,왕꿈틀이-노비스,IN,노비스
372,2023-07-24 13:39:52,bluebird ㅡINFJ-A,IN,Not defined
373,2023-07-24 13:50:36,벙,IN,Not defined
374,2023-07-24 13:53:17,벙,OUT,Not defined
375,2023-07-24 14:17:17,노마드커리어-노비스,IN,노비스
376,2023-07-24 14:26:25,namgang2222 - 노비스,IN,노비스
377,2023-07-24 14:27:28,namgang2222 - 노비스,OUT,노비스
378,2023-07-24 14:29:29,namgang2222 - 노비스,IN,노비스
379,2023-07-24 15:03:03,피아이 - 노비스,IN,노비스
380,2023-07-24 15:10:52,멋쟁이 - 노비스,OUT,노비스
381,2023-07-24 15:24:24,매실-노비스,IN,노비스
382,2023-07-24 15:24:31,할라피뇨,IN,Not defined
383,2023-07-24 15:47:56,김영준-노비스,IN,노비스
384,2023-07-24 16:14:09,락라드 - 노비스,IN,노비스
385,2023-07-24 16:47:06,김도훈,IN,Not defined
386,2023-07-24 17:10:27,쩨다카,IN,Not defined
387,2023-07-24 17:20:15,뽕기릿-노비스,IN,노비스
388,2023-07-24 18:02:24,gitae6889/노비스,IN,노비스
389,2023-07-24 18:13:34,김무스-노비스,IN,노비스
390,2023-07-24 18:15:52,박잉어 - 노비스,IN,노비스
391,2023-07-24 19:23:54,이주영_노비스,IN,노비스
392,2023-07-24 20:59:10,맹자/노비스,IN,노비스
393,2023-07-24 21:57:53,훈3-노비스,IN,노비스
394,2023-07-24 22:58:29,빙그르린이는애벌레-노비스,IN,노비스
395,2023-07-24 23:24:49,다이니아빠 - 노비스,IN,노비스
396,2023-07-25 03:01:08,지호정 노비스,IN,노비스
397,2023-07-25 03:05:00,부산촌놈 - 노비스,IN,노비스
398,2023-07-25 11:00:02,은쟈닝-워프수강생,IN,수강생
399,2023-07-25 11:12:33,멋쟁이 프로도,IN,Not defined
400,2023-07-25 13:24:27,기타치는 튜브,IN,Not defined
401,2023-07-25 13:32:47,이승민,IN,Not defined
402,2023-07-25 15:32:48,김태준 - 노비스,OUT,노비스
403,2023-07-25 16:17:24,Irritated Neo,OUT,Not defined
404,2023-07-25 19:26:00,김카읽 - 노비스,IN,노비스
405,2023-07-25 20:26:27,부자된뽀이-노비스,IN,노비스
406,2023-07-25 22:36:54,김민채,IN,Not defined
407,2023-07-25 22:49:56,비비안로아-노비드,IN,Not defined
408,2023-07-26 03:15:14,빛의원형,IN,Not defined
409,2023-07-26 04:46:05,doimamㅡ입문노마드,IN,Not defined
410,2023-07-26 08:30:56,배불뚝 제이지,IN,Not defined
411,2023-07-26 09:21:46,초보자 - 노비스,IN,노비스
412,2023-07-26 09:50:01,깡연걸-노비스,IN,노비스
413,2023-07-26 10:40:02,행복부자가치 - 노비스,IN,노비스
414,2023-07-26 10:45:07,행복부자가치 - 노비스,OUT,노비스
415,2023-07-26 10:57:45,행복부자가치 - 노비스,IN,노비스
416,2023-07-26 11:23:31,yonghwan0688,IN,Not defined
417,2023-07-26 11:28:05,타주 - 노비스,IN,노비스
418,2023-07-26 11:37:56,꼬야- 노비스,OUT,노비스
419,2023-07-26 12:23:28,도마존-워프수강생,IN,수강생
420,2023-07-26 12:49:41,꼬맹1,IN,Not defined
421,2023-07-26 13:38:19,히릭0912-노비스,IN,노비스
422,2023-07-26 14:25:39,탱-노비스,IN,노비스
423,2023-07-26 16:01:17,모글리 - 매처,IN,매처
424,2023-07-26 16:55:47,롬꼼 - 노비스,IN,노비스
425,2023-07-26 20:25:59,aquatic-노비스,IN,노비스
426,2023-07-26 20:42:30,사자-노비스,IN,노비스
427,2023-07-26 21:41:20,화달-노비스,IN,노비스
428,2023-07-26 21:45:07,화달-노비스,OUT,노비스
429,2023-07-26 21:45:46,화달-노비스,IN,노비스
430,2023-07-26 21:45:58,화달-노비스,OUT,노비스
431,2023-07-26 21:46:23,화달-노비스,IN,노비스
432,2023-07-26 22:26:48,이양봉 - 노비스,IN,노비스
433,2023-07-26 22:29:33,서갓생,IN,Not defined
434,2023-07-27 00:16:31,멋쟁이 - 노비스,IN,노비스
435,2023-07-27 00:35:01,성공장 - 노비스,IN,노비스
436,2023-07-27 01:18:44,자이자-노비스,OUT,노비스
437,2023-07-27 03:16:18,플덩- 노비스,IN,노비스
438,2023-07-27 08:36:50,빈살만-노비스,OUT,노비스
439,2023-07-27 10:28:44,매틱스-노비스,IN,노비스
440,2023-07-27 11:39:53,강코트-노비스,IN,노비스
441,2023-07-27 17:59:22,스틴-노비스,IN,노비스
442,2023-07-27 18:23:08,미진 - 노비스,IN,노비스
443,2023-07-27 18:38:07,부자됐다- 노비스,IN,노비스
444,2023-07-27 22:12:37,하악이-노비스,IN,노비스
445,2023-07-28 09:27:50,GL혼혈-노비스,IN,노비스
446,2023-07-28 13:54:22,화가 난 제이지,IN,Not defined
447,2023-07-28 15:23:20,똑소원 - seo수강생,IN,수강생
448,2023-07-28 16:05:50,손힘찬 - 기버,IN,기버
449,2023-07-28 18:17:58,Grabbit-노비스,IN,노비스
450,2023-07-28 20:16:20,Bottleluck -노비스,IN,노비스
451,2023-07-28 22:08:51,애교뿜뿜 무지 - 노비스,IN,노비스
452,2023-07-29 04:49:51,우동 - 노비스,IN,노비스
453,2023-07-29 16:07:50,dawny-노비스,IN,노비스
454,2023-07-29 20:39:22,아카크-노비스,IN,노비스
455,2023-07-29 21:23:38,로알녀 - 노비스,IN,노비스
456,2023-07-29 23:17:52,살콤달콤 - 노비스,IN,노비스
457,2023-07-30 02:37:02,민준 - 노비스,IN,노비스
458,2023-07-30 06:12:47,으쓱으쓱 어피치,IN,Not defined
459,2023-07-30 07:44:41,호빈이/노마드,IN,Not defined
460,2023-07-30 09:27:06,세부태리-노비스,IN,노비스
461,2023-07-30 14:30:54,하모,IN,Not defined
462,2023-07-30 15:01:30,soulmanoo- 노비스,IN,노비스
463,2023-07-30 16:18:33,김꼬꼬 - 노비스,OUT,노비스
464,2023-07-30 20:35:10,티오피-노비스,IN,노비스
465,2023-07-30 22:23:08,워프워프,IN,Not defined
466,2023-08-01 00:37:02,줄리아의 눈- 노비스,IN,노비스
467,2023-08-01 17:15:18,도미닉-노비스,IN,노비스
468,2023-08-01 18:07:18,초밥왕-노비스,IN,노비스
469,2023-08-01 19:33:53,Hyunuk-노비스,IN,노비스
470,2023-08-01 22:11:35,안테암불로의삶 - 노비스,IN,노비스
471,2023-08-02 08:30:40,서아시스-노비스,IN,노비스
472,2023-08-02 10:10:05,역삼개발자 - 노비스,IN,노비스
473,2023-08-02 12:52:59,애기빈,IN,Not defined
474,2023-08-02 18:14:35,훈초이 - 노비스,OUT,노비스
475,2023-08-02 20:03:03,붓다 - 노비스,IN,노비스
476,2023-08-02 20:35:48,카사블랑카-노비스,IN,노비스
477,2023-08-02 20:56:09,김가재,IN,Not defined
478,2023-08-03 00:48:45,JH9944-노비스,IN,노비스
479,2023-08-03 04:45:11,마드라스 - 노비스,OUT,노비스
480,2023-08-03 10:12:58,블루루블 - 노비스,IN,노비스
481,2023-08-04 11:35:35,딩두-노비스,IN,노비스
482,2023-08-04 20:02:37,그리버-노비스,IN,노비스
483,2023-08-04 21:43:15,싸비터치 - 노비스,OUT,노비스
484,2023-08-04 23:03:16,워프고고 - 노비스,IN,노비스
485,2023-08-05 00:56:43,멍뭉 - 워프수강생,IN,수강생
486,2023-08-05 11:08:32,제리알지-노비스,IN,노비스
487,2023-08-05 15:23:59,원펀맨-노비,OUT,Not defined
488,2023-08-05 17:11:26,플라스,IN,Not defined
489,2023-08-05 17:30:09,김정민 - 노비스,IN,노비스
490,2023-08-05 23:27:21,릴모-노비스,IN,노비스
491,2023-08-06 03:38:52,벨류스-워프수강생,IN,수강생
492,2023-08-06 15:09:03,장답,IN,Not defined
493,2023-08-06 15:32:12,Wol1000 - 노비스,IN,노비스
494,2023-08-06 16:34:03,준1122 노비스,IN,노비스
495,2023-08-06 19:50:55,뚱딴지 - 노비스,IN,노비스
496,2023-08-06 20:29:21,프론-노비스,OUT,노비스
497,2023-08-06 21:23:45,희철-노비스,IN,노비스
498,2023-08-06 22:36:07,30살 불로소득 - 워프수강생,IN,수강생
499,2023-08-06 22:38:06,30살 불로소득 - 워프수강생,OUT,수강생
500,2023-08-06 22:38:37,30살 불로소득 - 워프수강생,IN,수강생
501,2023-08-07 12:17:20,데아노-노비스,IN,노비스
502,2023-08-07 13:48:06,로리-노비스,IN,노비스
503,2023-08-07 15:37:38,킁킁냠냠-노비스,OUT,노비스
504,2023-08-07 16:58:56,서아시스-노비스,OUT,노비스
505,2023-08-07 22:10:41,Young Studio - 노비스,IN,노비스
506,2023-08-07 23:57:51,랜서,IN,Not defined
507,2023-08-08 00:45:37,김래아 - 노비스,IN,노비스
508,2023-08-08 09:11:32,테드창-노비스,IN,노비스
509,2023-08-08 18:21:21,Jye-노비스,IN,노비스
510,2023-08-08 18:25:52,숨니니 - 노비스,IN,노비스
511,2023-08-08 19:20:48,슘삐-노비스,IN,노비스
512,2023-08-08 19:38:58,쿠키1214-노비스,IN,노비스
513,2023-08-08 23:36:05,스텀-노비스,IN,노비스
514,2023-08-09 00:03:06,로이킴 -노비스,IN,노비스
515,2023-08-09 01:50:35,박잉어 - 노비스,OUT,노비스
516,2023-08-09 02:35:31,브루니랩,IN,Not defined
517,2023-08-09 03:20:59,공츄🌹,IN,Not defined
518,2023-08-09 07:48:49,고라파덕-노비스,IN,노비스
519,2023-08-09 08:50:15,꼬르륵-노비스,IN,노비스
520,2023-08-09 08:55:30,조프로-노비스,IN,노비스
521,2023-08-09 09:34:08,티-워프수강생,IN,수강생
522,2023-08-09 09:34:27,티-워프수강생,OUT,수강생
523,2023-08-09 09:34:49,티-워프수강생,IN,수강생
524,2023-08-09 10:00:58,퀀텀점프-워프 수강생,IN,수강생
525,2023-08-09 10:26:47,원노마드-워프수강생,IN,수강생
526,2023-08-09 11:41:38,세즈-노비스,IN,노비스
527,2023-08-09 11:55:15,홍지원 - 노마드,IN,Not defined
528,2023-08-09 16:42:00,깡연걸-노비스,OUT,노비스
529,2023-08-09 16:44:41,민키스 - 노비스,IN,노비스
530,2023-08-09 16:46:54,공츄🌹,OUT,Not defined
531,2023-08-09 16:49:07,더윈 - 노마드,IN,Not defined
532,2023-08-10 07:05:31,역행즈아_노비스,IN,노비스
533,2023-08-10 09:11:39,말썽쟁이 네오,OUT,Not defined
534,2023-08-10 11:41:21,유니001 - 노비스,IN,노비스
535,2023-08-10 14:48:05,쏘링 - 노비스,IN,노비스
536,2023-08-10 18:43:55,David - 워프수강생,OUT,수강생
537,2023-08-10 19:25:09,Jos-노비스,IN,노비스
538,2023-08-10 19:28:11,Jos-노비스,OUT,노비스
539,2023-08-10 19:28:53,Jos-노비스,IN,노비스
540,2023-08-10 20:31:50,초롱이 - 노비스,IN,노비스
541,2023-08-11 11:20:22,쑥쑥1-노비스,IN,노비스
542,2023-08-11 13:24:18,쌍끌/SEO수강생,IN,수강생
543,2023-08-11 15:18:55,좌영쓰Park - 노비스,IN,노비스
544,2023-08-13 10:50:20,B2R,IN,Not defined
545,2023-08-13 12:13:24,이현주,IN,Not defined
546,2023-08-13 15:24:55,zoe,IN,Not defined
547,2023-08-13 17:41:50,지노 - 노비스,IN,노비스
548,2023-08-13 18:09:35,지노 - 노비스,OUT,노비스
549,2023-08-13 22:05:39,초밥-노비스,IN,노비스
550,2023-08-13 23:04:13,혁 - SEO 수강생,IN,수강생
551,2023-08-13 23:33:24,형돈 - 노비스,IN,노비스
552,2023-08-14 01:25:18,오동원 - 노비스,IN,노비스
553,2023-08-14 08:22:32,얍쇌 - 노비스,IN,노비스
554,2023-08-14 14:06:34,마라팜-노비스,IN,노비스
555,2023-08-14 15:36:25,11하늘별(노비스),IN,노비스
556,2023-08-14 21:24:28,안지-노비스,IN,노비스
557,2023-08-14 22:16:13,아이스캡 - 노비스,IN,노비스
558,2023-08-15 00:30:45,헌떠/노비스,OUT,노비스
559,2023-08-15 10:05:37,석도현-노비스,IN,노비스
560,2023-08-15 10:54:19,빠찌-노비스,IN,노비스
561,2023-08-15 15:58:13,하얀물감 - 노비스,IN,노비스
562,2023-08-15 20:02:54,주황오리-노비스,IN,노비스
563,2023-08-15 20:13:54,오늘오뉴 - 노비스,IN,노비스
564,2023-08-15 21:50:04,조자룡 - 노비스,IN,노비스
565,2023-08-15 22:02:16,도어-노비스,IN,노비스
566,2023-08-15 22:54:15,gray - 노비스,IN,노비스
567,2023-08-15 23:00:28,귀여운고래-노비스,IN,노비스
568,2023-08-15 23:50:08,또또뚜뚜-노비스,IN,노비스
569,2023-08-16 00:25:06,노아 - 노비스,IN,노비스
570,2023-08-16 00:30:30,봄찌 - 노비스,IN,노비스
571,2023-08-16 00:32:32,림스타 - 노비스,IN,노비스
572,2023-08-16 04:36:49,상주 고래 - 노비스,IN,노비스
573,2023-08-16 11:27:42,보통이 - 노비스,IN,노비스
574,2023-08-16 14:04:57,윤쓰,OUT,Not defined
575,2023-08-17 14:33:47,효콩-노비스,IN,노비스
576,2023-08-17 15:17:04,캠린이쓰-노비스,IN,노비스
577,2023-08-17 16:22:06,자기충족적 예언,IN,Not defined
578,2023-08-17 16:43:34,soohyun - 노비스,IN,노비스
579,2023-08-17 16:45:00,soohyun - 노비스,OUT,노비스
580,2023-08-17 16:45:29,soohyun - 노비스,IN,노비스
581,2023-08-17 17:42:52,에이와이 - 노비스,IN,노비스
582,2023-08-17 17:58:29,mianny-노비스,IN,노비스
583,2023-08-17 19:04:56,그냥해1 - 노비스,IN,노비스
584,2023-08-17 19:29:25,디디 - 노비스,IN,노비스
585,2023-08-17 19:46:52,감자친-노비스,IN,노비스
586,2023-08-17 20:04:50,소소머니-노비스,IN,노비스
587,2023-08-17 20:18:18,얼동식-노비스,IN,노비스
588,2023-08-17 20:36:59,안준우 - 노비스,IN,노비스
589,2023-08-17 20:37:03,JH_노비스,IN,노비스
590,2023-08-17 20:59:07,kkwnn - 노비스,IN,노비스
591,2023-08-17 21:27:34,머스탱 - 노비스,IN,노비스
592,2023-08-17 21:46:57,다디비다빈,IN,Not defined
593,2023-08-17 21:49:45,243000-노비스,IN,노비스
594,2023-08-17 22:26:54,더온-노비드,IN,Not defined
595,2023-08-17 22:28:29,디노디노1-노비스,IN,노비스
596,2023-08-17 22:36:38,Juny-노비스,IN,노비스
597,2023-08-17 22:57:52,나랑도전-노비스,IN,노비스
598,2023-08-17 23:26:27,호대 - 노비스,IN,노비스
599,2023-08-17 23:31:27,열공 피치 - 노비스,IN,노비스
600,2023-08-17 23:37:00,nj48 - 노비스,IN,노비스
601,2023-08-18 00:39:14,버찌꾸 - 노비스,IN,노비스
602,2023-08-18 02:00:48,감나뭉 - 노비스,IN,노비스
603,2023-08-18 02:04:10,일고 노비스,IN,노비스
604,2023-08-18 03:22:40,이집사 - 노비스,IN,노비스
605,2023-08-18 05:19:42,realblackcow100/노비스,IN,노비스
606,2023-08-18 05:20:38,realblackcow100/노비스,OUT,노비스
607,2023-08-18 05:22:45,realblackcow100/노비스,IN,노비스
608,2023-08-18 07:53:10,워스 - 테이커,IN,테이커
609,2023-08-18 10:54:11,망규 - SEO 수강생,IN,수강생
610,2023-08-18 11:01:18,제주돼지고기-노비스,IN,노비스
611,2023-08-18 12:13:35,현정-노비스,IN,노비스
612,2023-08-18 12:30:42,진짜열심히할거에요-노비스,IN,노비스
613,2023-08-18 13:20:44,매실-노비스,OUT,노비스
614,2023-08-18 14:03:13,폭풍성장-노비스,OUT,노비스
615,2023-08-18 14:05:11,퓰 - 노비스,OUT,노비스
616,2023-08-18 14:15:15,강의지,IN,Not defined
617,2023-08-18 14:42:48,포토잼이 노비스,IN,노비스
618,2023-08-18 17:02:32,잉아-노비스,IN,노비스
619,2023-08-18 17:19:06,Q1 - 노비스,IN,노비스
620,2023-08-18 18:03:14,벙찐 튜브,IN,Not defined
621,2023-08-18 18:22:11,정녕-노비스,IN,노비스
622,2023-08-18 19:45:54,저니-노비스,IN,노비스
623,2023-08-18 21:58:35,대박나라-노비스,IN,노비스
624,2023-08-18 22:30:34,전재경 - 노비스,IN,노비스
625,2023-08-21 11:27:56,채채 - 노비스,IN,노비스
626,2023-08-21 12:19:49,덕구1 - 노비스,IN,노비스
627,2023-08-21 12:24:07,덕구1 - 노비스,OUT,노비스
628,2023-08-21 12:24:38,덕구1 - 노비스,IN,노비스
629,2023-08-21 13:30:37,쏘-노비스,IN,노비스
630,2023-08-21 14:10:38,지니우-노비스,IN,노비스
631,2023-08-21 15:02:04,강은비 - 워프 수강생,IN,수강생
632,2023-08-21 16:06:04,Soung-노비스,IN,노비스
633,2023-08-21 16:12:33,어우다-노비스,OUT,노비스
634,2023-08-21 16:39:59,델모나코 - 노비스,IN,노비스
635,2023-08-21 19:26:47,일랑-테이커,IN,테이커
636,2023-08-21 20:34:37,mean88-노비스,IN,노비스
637,2023-08-21 23:26:14,김민혁-노비스,IN,노비스
638,2023-08-21 23:47:09,월3억가보자고-노비스,IN,노비스
639,2023-08-22 01:17:34,doimamㅡ입문노마드,OUT,Not defined
640,2023-08-22 02:39:13,잇찬 - 노비스,IN,노비스
641,2023-08-22 11:16:17,지아 - 노비스,IN,노비스
642,2023-08-22 12:03:03,박지운-노비스,IN,노비스
643,2023-08-22 15:57:05,용,OUT,Not defined
644,2023-08-22 17:08:29,굿라이프현 - 노비스,IN,노비스
645,2023-08-22 17:44:37,GLB - 노비스,IN,노비스
646,2023-08-22 20:22:39,도갬 - 노비스,IN,노비스
647,2023-08-22 21:14:55,새론키친-노비스,IN,노비스
648,2023-08-22 22:01:21,thsuswhtjs-노비스,IN,노비스
649,2023-08-22 22:27:54,풀럼-노비스,IN,노비스
650,2023-08-23 00:47:00,정준 - 노비스,IN,노비스
651,2023-08-23 08:04:09,DHy - 노비스,IN,노비스
652,2023-08-23 11:50:54,제니팍-노비스,OUT,노비스
653,2023-08-23 14:09:46,호연지기,IN,Not defined
654,2023-08-23 14:14:07,파잇-노비스,IN,노비스
655,2023-08-23 15:10:53,관리가생명 - 노비스,IN,노비스
656,2023-08-23 16:22:02,조프로-노비스,OUT,노비스
657,2023-08-23 17:56:01,디노 - 노비스,IN,노비스
658,2023-08-23 18:28:05,그로브,IN,Not defined
659,2023-08-23 19:24:17,잘살고싶어요-노비스,IN,노비스
660,2023-08-23 19:59:27,구미웅-노비스,IN,노비스
661,2023-08-23 21:48:26,바바벙,IN,Not defined
662,2023-08-24 00:08:25,초롱초롱 튜브,IN,Not defined
663,2023-08-24 02:44:25,김찰리 - 노비드,IN,Not defined
664,2023-08-24 07:58:31,봄이아빠b-노비스,OUT,노비스
665,2023-08-24 09:06:01,무등산호랑이22 ㅡ 노비스,IN,노비스
666,2023-08-24 13:30:10,하이유정-노비스,OUT,노비스
667,2023-08-24 16:36:48,imshimson-워프수강생,IN,수강생
668,2023-08-24 17:21:51,카야97-노비스,OUT,노비스
669,2023-08-24 20:07:05,비옷입은 튜브,IN,Not defined
670,2023-08-25 00:32:35,랑블-노비스,IN,노비스
671,2023-08-25 03:18:14,보리 - 노비스,IN,노비스
672,2023-08-25 05:00:05,대졸전자수성가 - 노비스,IN,노비스
673,2023-08-25 09:48:27,박정민,IN,Not defined
674,2023-08-25 10:23:04,lifehacker-노비스,IN,노비스
675,2023-08-25 11:31:52,민쓰-노비스,OUT,노비스
676,2023-08-25 14:25:47,새로운도약- 노비스,IN,노비스
677,2023-08-25 16:29:37,비옷입은 튜브,OUT,Not defined
678,2023-08-25 18:01:52,yonghwan0688,OUT,Not defined
679,2023-08-25 18:40:25,우수수수 - 노비스,IN,노비스
680,2023-08-25 21:14:42,또또뚜뚜-노비스,OUT,노비스
681,2023-08-26 00:14:39,Doori-노비스,IN,노비스
682,2023-08-26 16:23:57,happyhappy7733-노비스,IN,노비스
683,2023-08-26 16:28:02,Happyhappy7733,IN,Not defined
684,2023-08-26 17:22:50,유릅-노비스,IN,노비스
685,2023-08-27 12:22:03,지니링류 - 노비스,IN,노비스
686,2023-08-27 13:55:21,마코-seo 수강생,IN,수강생
687,2023-08-27 13:56:30,마코-seo 수강생,OUT,수강생
688,2023-08-27 13:56:52,마코-seo 수강생,IN,수강생
689,2023-08-27 14:50:54,초롱초롱 튜브,OUT,Not defined
690,2023-08-27 19:43:44,lime5050-노비스,IN,노비스
691,2023-08-27 22:15:03,페모-기버,IN,기버
692,2023-08-27 23:53:08,효도하자-노비스,OUT,노비스
693,2023-08-28 10:13:37,박정민,OUT,Not defined
694,2023-08-28 13:04:32,아기참새맘-노비스,IN,노비스
695,2023-08-28 14:26:26,박대원-노비스,IN,노비스
696,2023-08-28 14:49:52,박대원-노비스,OUT,노비스
697,2023-08-28 14:54:11,박대원-노비스,IN,노비스
698,2023-08-28 17:56:05,택배 상자를 든 네오,IN,Not defined
699,2023-08-28 18:13:39,씨에나 - 노비스,IN,노비스
700,2023-08-28 20:50:52,리고나 - 노비스,IN,노비스
701,2023-08-28 21:52:07,MUNGA-노비스,OUT,노비스
702,2023-08-28 22:12:42,탄이 - 노비스,IN,노비스
703,2023-08-28 22:45:10,신난다 - 노비스,IN,노비스
704,2023-08-29 11:41:17,물먹는하마,OUT,Not defined
705,2023-08-29 15:00:38,우마드 - 노비스,IN,노비스
706,2023-08-29 15:03:37,데이지루,IN,Not defined
707,2023-08-29 15:05:17,무밍-노비스,IN,노비스
708,2023-08-29 15:55:22,님즈 -노비스,OUT,노비스
709,2023-08-29 21:33:55,얌수 - 노비스,IN,노비스
710,2023-08-29 22:46:20,군대가는 대학생 - 노비스,IN,노비스
711,2023-08-29 23:18:32,호카오-노비스,OUT,노비스
712,2023-08-30 09:49:36,hyun - 노비스,OUT,노비스
713,2023-08-30 13:42:10,린뀨파파-노비스,IN,노비스
714,2023-08-30 14:43:35,박대원-노비스,OUT,노비스
715,2023-08-30 14:45:46,박대원-노비스,IN,노비스
716,2023-08-30 22:07:43,이잉애-노비스,IN,노비스
717,2023-08-30 23:49:14,열심히 공부중 - 노비스,IN,노비스
718,2023-08-31 13:00:19,키정이-노비스,IN,노비스
719,2023-08-31 13:06:12,나는부자-노비스,IN,노비스
720,2023-08-31 14:46:47,공구님 - 노비스,IN,노비스
721,2023-09-01 04:42:22,워스 - 테이커,IN,테이커
722,2023-09-01 17:25:52,디딤돌-노비스,OUT,노비스
723,2023-09-01 18:45:03,머니캐쳐-노비스,IN,노비스
724,2023-09-01 19:49:48,투딸맘-노비스,IN,노비스
725,2023-09-01 21:36:56,이성탁,IN,Not defined
726,2023-09-01 23:00:08,올립-노비스,IN,노비스
727,2023-09-01 23:45:04,이성탁,OUT,Not defined
728,2023-09-02 00:49:35,용지 - 노비스,IN,노비스
729,2023-09-02 06:06:46,두룸쥐-노비스,IN,노비스
730,2023-09-02 18:11:34,설꿍이-노비스,IN,노비스
731,2023-09-02 22:50:39,최성용,IN,Not defined
732,2023-09-03 01:17:46,bell,IN,Not defined
733,2023-09-03 09:09:09,dyp - 노비스,IN,노비스
734,2023-09-03 09:58:35,jasjj-노비스,IN,노비스
735,2023-09-03 09:59:30,jasjj-노비스,OUT,노비스
736,2023-09-03 10:03:00,박자비 - 노비스,IN,노비스
737,2023-09-03 13:18:25,홍농읍송편-노비스,IN,노비스
738,2023-09-07 09:28:45,최도도 - 노비스,IN,노비스
739,2023-09-07 09:54:18,골든케이 - 노비스,IN,노비스
740,2023-09-07 12:50:58,고기만두 - 노비스,IN,노비스
741,2023-09-07 13:25:02,플덩- 노비스,OUT,노비스
742,2023-09-07 17:33:12,인생은노른자,OUT,Not defined
743,2023-09-07 19:54:56,GoJ-노비스,OUT,노비스
744,2023-09-07 21:02:59,킴즈매니아-노비스,IN,노비스
745,2023-09-07 21:41:01,노란배추잎-노비스,OUT,노비스
746,2023-09-07 22:37:19,성수김 - 노비스,IN,노비스
747,2023-09-08 10:27:50,수수-노비스,IN,노비스
748,2023-09-08 11:52:41,노란배추잎-노비스,IN,노비스
749,2023-09-08 13:26:02,쎄쎄-노비스,IN,노비스
750,2023-09-08 14:13:07,짜짜오,OUT,Not defined
751,2023-09-08 14:20:24,짜짜오-노비스,IN,노비스
752,2023-09-08 14:52:29,챙주-노비스,OUT,노비스
753,2023-09-08 16:32:38,부탁하는 무지 - 노비스,IN,노비스
754,2023-09-08 16:48:57,지금하자-노비스,OUT,노비스
755,2023-09-08 17:38:23,유유-노비스,IN,노비스
756,2023-09-08 17:40:54,쨩 - 노비스,IN,노비스
757,2023-09-08 17:46:46,쥬닝마 - 노비스,IN,노비스
758,2023-09-08 18:00:13,곤맴-노비스,IN,노비스
759,2023-09-08 20:13:42,현재의지금 - 노비스,IN,노비스
760,2023-09-08 22:15:08,Thinker🩵-노비스,IN,노비스
761,2023-09-08 22:57:13,권투하는 무지,IN,Not defined
762,2023-09-08 23:41:25,이우-노비스,IN,노비스
763,2023-09-09 02:45:15,동농이-노비스,IN,노비스
764,2023-09-09 07:16:08,jasjj-노비스,IN,노비스
765,2023-09-09 11:56:17,강의지,OUT,Not defined
766,2023-09-09 13:28:53,Alsxmchzhwjs1506,IN,Not defined
767,2023-09-09 14:38:09,사푸 - 노비스,IN,노비스
768,2023-09-09 15:06:02,하얀색벨루가,IN,Not defined
769,2023-09-09 16:40:47,꾸르벌 - 노비스,IN,노비스
770,2023-09-09 17:57:19,JJF - 노비스,IN,노비스
771,2023-09-09 23:24:38,불꽃남 - 노비스,IN,노비스
772,2023-09-10 05:58:52,디지털세계-노비스,OUT,노비스
773,2023-09-10 08:22:24,칼스 - 노비스,IN,노비스
774,2023-09-10 11:31:31,지호정 노비스,OUT,노비스
775,2023-09-10 16:47:34,그릿 - SEO 수강생,OUT,수강생
776,2023-09-10 16:51:10,소홈 - 노비스,IN,노비스
777,2023-09-10 17:24:35,불꽃남 - 노비스,OUT,노비스
778,2023-09-10 17:25:01,불꽃남 - 노비스,IN,노비스
779,2023-09-10 18:24:57,차콜블루,IN,Not defined
780,2023-09-10 18:27:13,castle - 노비스,IN,노비스
781,2023-09-10 20:45:32,하얀물감 - 노비스,OUT,노비스
782,2023-09-10 20:49:15,하얀물감 - 노비스,IN,노비스
783,2023-09-10 22:00:42,밍밍2-노비스,IN,노비스
784,2023-09-10 22:05:37,그대에게는,IN,Not defined
785,2023-09-11 00:11:12,저요,IN,Not defined
786,2023-09-11 00:49:48,아이엠댓-노비스,IN,노비스
787,2023-09-11 01:17:46,그린슈즈-노비스,OUT,노비스
788,2023-09-11 01:25:50,암쏘쏘리로알러뷰다거짓말-노비스,IN,노비스
789,2023-09-11 08:08:57,로타스-노비스,IN,노비스
790,2023-09-11 17:11:20,ㅍl닉스-노비스,IN,노비스
791,2023-09-11 22:40:22,니키,IN,Not defined
792,2023-09-11 23:19:45,니영이 노비스,IN,노비스
793,2023-09-12 00:28:01,이혜정-노비스,OUT,노비스
794,2023-09-12 03:38:38,기다림의미학,IN,Not defined
795,2023-09-12 13:19:57,돈깡스-노비스,IN,노비스
796,2023-09-12 18:33:37,하나_노비스,OUT,노비스
797,2023-09-12 20:12:51,호랑이장군대감-노비스,IN,노비스
798,2023-09-12 20:27:06,열정-노비스,IN,노비스
799,2023-09-12 20:37:39,로알남수제자-노비스,IN,노비스
800,2023-09-13 00:57:20,메이저 노마드 - seo수강생,OUT,수강생
801,2023-09-13 03:43:54,천만주인공 - 노비스,IN,노비스
802,2023-09-13 09:29:20,모르는개산책 - 노비스,IN,노비스
803,2023-09-13 11:08:00,죠리퐁 - 노비스,IN,노비스
804,2023-09-13 15:16:15,나의별도도-노비스,IN,노비스
805,2023-09-13 16:45:44,뚜딩-노비스,OUT,노비스
806,2023-09-13 18:27:15,실행력부자 - 노비스,IN,노비스
807,2023-09-13 22:07:21,쇼크 - 노비스,IN,노비스
808,2023-09-13 23:48:26,윤상민 - 노비스,OUT,노비스
809,2023-09-14 06:43:57,샬리,IN,Not defined
810,2023-09-14 11:10:55,Songyi - 노비스,IN,노비스
811,2023-09-14 11:26:15,이양봉 - 노비스,OUT,노비스
812,2023-09-14 13:27:33,범이 - 노비스,OUT,노비스
813,2023-09-14 21:20:59,진라이-노비스,OUT,노비스
814,2023-09-14 21:24:22,신애리(노비스),IN,노비스
815,2023-09-14 21:55:46,꿈꾸는 부자-노비스,IN,노비스
816,2023-09-14 23:11:55,하믿음 - 노비스,OUT,노비스
817,2023-09-15 10:49:57,윤소리 - 노비스,IN,노비스
818,2023-09-15 10:50:32,윤소리 - 노비스,OUT,노비스
819,2023-09-15 10:50:57,윤소리 - 노비스,IN,노비스
820,2023-09-15 11:45:40,삼양이,IN,Not defined
821,2023-09-15 15:22:38,부릉부릉빵 - 워프수강생,OUT,수강생
822,2023-09-15 16:11:44,프로도-워프수강생,OUT,수강생
823,2023-09-15 16:47:15,로이킴 -노비스,OUT,노비스
824,2023-09-15 16:52:47,장구 - 노비스,OUT,노비스
825,2023-09-16 00:35:42,솜-워프수강생,OUT,수강생
826,2023-09-16 01:12:27,고라니-노비스,OUT,노비스
827,2023-09-16 01:22:10,라스 - 노비스,OUT,노비스
828,2023-09-16 10:57:47,슬라이드 - 노비스,IN,노비스
829,2023-09-16 18:14:27,라이언고슬고슬링-노비스,IN,노비스
830,2023-09-17 10:02:43,일삼칠 - 노비스,IN,노비스
831,2023-09-17 12:52:53,라지 - 노비스,IN,노비스
832,2023-09-18 02:56:43,욤달,IN,Not defined
833,2023-09-18 07:18:11,카샤 - 노비스,OUT,노비스
834,2023-09-18 11:27:41,매화 - 노비스,OUT,노비스
835,2023-09-18 12:33:39,햇살코드,IN,Not defined
836,2023-09-18 13:44:05,디지털 노린이-노비스,IN,노비스
837,2023-09-18 15:02:25,아슬란의보은 - 노비스,IN,노비스
838,2023-09-19 10:40:54,전 갑니다-노비스,OUT,노비스
839,2023-09-19 10:50:45,다이룸 - 노비스,OUT,노비스
840,2023-09-19 13:09:13,지아 - 노비스,OUT,노비스
841,2023-09-19 16:24:09,천만주인공 - 노비스,OUT,노비스
842,2023-09-19 18:30:03,김준표,OUT,Not defined
843,2023-09-19 23:50:41,초롱초롱_노비스,OUT,노비스
844,2023-09-20 11:24:11,맥너겟 - 워프 수강생,OUT,수강생
845,2023-09-20 11:52:11,우렁 - 노마드,OUT,Not defined
846,2023-09-20 12:48:22,냐용,IN,Not defined
847,2023-09-20 18:09:02,백수멈춰-노비스,IN,노비스
848,2023-09-20 18:56:52,소나무-워프수강생,OUT,수강생
849,2023-09-20 20:58:46,COLDSOUND - 노비스,IN,노비스
850,2023-09-20 23:47:14,도도도레레레-노비스,IN,노비스
851,2023-09-20 23:49:49,도도도레레레-노비스,OUT,노비스
852,2023-09-20 23:50:25,도도도레레레-노비스,IN,노비스
853,2023-09-21 11:10:05,매틱스-노비스,OUT,노비스
854,2023-09-22 11:25:21,비비안20 - 노비스,OUT,노비스
855,2023-09-23 11:20:01,키키1-노비스,IN,노비스
856,2023-09-23 17:59:59,중소선물 - 노비스,IN,노비스
857,2023-09-23 19:05:06,멀리버드-노비스,OUT,노비스
858,2023-09-23 19:59:09,성실청년 -노비스,IN,노비스
859,2023-09-24 02:44:43,중소선물 - 노비스,OUT,노비스
860,2023-09-25 13:54:06,퐝-노비스,IN,노비스
861,2023-09-25 15:13:23,성미르,IN,Not defined
862,2023-09-25 16:52:20,저스트러너 - 매처,IN,매처
863,2023-09-25 18:22:55,Hdh_노비스,IN,노비스
864,2023-09-25 18:53:35,SSF-워프수강생,IN,수강생
865,2023-09-25 21:30:04,lili-노비스,IN,노비스
866,2023-09-25 21:54:59,로옹크 - 노비스,IN,노비스
867,2023-09-25 22:45:16,노마드운- 워드프레스수강생,OUT,수강생
868,2023-09-25 23:05:24,KWONJONES - 워프 수강생,OUT,수강생
869,2023-09-25 23:20:38,Miya-노비스,IN,노비스
870,2023-09-26 02:23:18,고고 SEO수강생,IN,수강생
871,2023-09-26 02:34:57,콘이 웃긴 무지,IN,Not defined
872,2023-09-26 02:58:31,두룸쥐-노비스,OUT,노비스
873,2023-09-26 09:56:10,육아 블로그 - 노비스,IN,노비스
874,2023-09-26 11:59:09,홍농읍송편-노비스,OUT,노비스
875,2023-09-26 12:55:10,dumdumi-노비스,OUT,노비스
876,2023-09-26 14:34:33,lifehacker-노비스,OUT,노비스
877,2023-09-26 15:34:13,열심히 공부중 - 노비스,OUT,노비스
878,2023-09-26 17:12:26,명무,OUT,Not defined
879,2023-09-26 21:22:32,아슬란의보은 - 노비스,OUT,노비스
880,2023-09-27 11:44:23,중소선물 - 노비스,IN,노비스
881,2023-09-27 12:54:58,기다림의미학,OUT,Not defined
882,2023-09-27 17:50:55,노마니,OUT,Not defined
883,2023-09-27 20:22:03,토니박 - 노비스,IN,노비스
884,2023-09-28 05:41:05,무디디 - 노비스,IN,노비스
885,2023-09-28 18:48:19,대졸전자수성가 - 노비스,OUT,노비스
886,2023-09-28 22:49:25,행복한하루,IN,Not defined
887,2023-09-28 23:43:09,지룽-노비스,OUT,노비스
888,2023-09-29 00:46:40,버티 - 노비스,IN,노비스
889,2023-09-29 10:13:46,아이스캡 - 노비스,OUT,노비스
890,2023-09-29 21:17:08,봄한송이 - SEO 수강생,IN,수강생
891,2023-09-30 11:35:18,정준 - 노비스,OUT,노비스
892,2023-10-01 09:24:44,대전사람-노비스,IN,노비스
893,2023-10-01 18:02:56,노마드햇병아리 - 노비스,OUT,노비스
894,2023-10-02 14:56:30,DFO - 노비스,IN,노비스
895,2023-10-03 16:41:36,이러누자 - 노비스,IN,노비스
896,2023-10-03 18:24:11,하 쓰리 _ 노비스,IN,노비스
897,2023-10-03 21:44:24,민키스 - 노비스,OUT,노비스
898,2023-10-03 22:56:08,멋쟁이 - 노비스,OUT,노비스
899,2023-10-03 22:56:34,아나티- 워프수강생,OUT,수강생
900,2023-10-04 11:51:48,동파이프-노비스,OUT,노비스
901,2023-10-04 11:59:24,choivv-노비스,IN,노비스
902,2023-10-04 12:34:44,로마드팬 - 노비스,IN,노비스
903,2023-10-04 20:52:29,하늘0908 - 노비스,IN,노비스
904,2023-10-04 23:08:24,이쿠-노비스,IN,노비스
905,2023-10-04 23:10:33,노란배추잎-노비스,OUT,노비스
906,2023-10-05 09:27:31,역행즈아_노비스,OUT,노비스
907,2023-10-05 18:47:56,(알 수 없음),IN,Not defined
908,2023-10-05 20:34:54,해해행 - 노비스,OUT,노비스
909,2023-10-06 07:03:41,산타클로니,OUT,Not defined
910,2023-10-06 07:16:15,닉닉요-노비스,IN,노비스
911,2023-10-06 10:27:56,대박나라-노비스,OUT,노비스
912,2023-10-06 14:33:21,최도도 - 노비스,OUT,노비스
913,2023-10-06 15:47:24,더비덥-노비스,IN,노비스
914,2023-10-06 18:17:14,비버상 - 노비스,IN,노비스
915,2023-10-06 21:45:17,엔드,IN,Not defined
916,2023-10-07 16:14:32,강우형-노비스,IN,노비스
917,2023-10-07 17:40:34,sportcan-노비스,IN,노비스
918,2023-10-08 09:47:33,쿠크다스마미. 노비스,IN,노비스
919,2023-10-09 12:14:52,오행 - 노비스,IN,노비스
920,2023-10-09 12:19:18,혁 - SEO 수강생,OUT,수강생
921,2023-10-09 12:51:43,썬언니-노비스,OUT,노비스
922,2023-10-09 13:05:46,데이지루,OUT,Not defined
923,2023-10-09 13:26:28,저요,OUT,Not defined
924,2023-10-09 17:17:53,룰루레몽-노비스,IN,노비스
925,2023-10-09 19:06:06,고터프 - 노비스,IN,노비스
926,2023-10-10 08:42:47,초롱이 - 노비스,OUT,노비스
927,2023-10-10 09:17:00,갓생 - 노비스,OUT,노비스
928,2023-10-10 12:03:37,유니001 - 노비스,OUT,노비스
929,2023-10-10 16:16:21,디제이89-노비스,IN,노비스
930,2023-10-11 10:30:31,김지연-노비스,IN,노비스
931,2023-10-11 12:55:20,토니박 - 노비스,OUT,노비스
932,2023-10-11 12:55:45,토니박 - 노비스,IN,노비스
933,2023-10-11 19:58:47,몽수 - 노비스,OUT,노비스
934,2023-10-11 20:49:06,행복공작소-노비스,IN,노비스
935,2023-10-11 21:08:14,한우-노비스,IN,노비스
936,2023-10-11 22:22:11,reserve84 - 노비스,IN,노비스
937,2023-10-12 09:11:11,츄-노비스,OUT,노비스
938,2023-10-12 16:18:58,한그래 - 노비스,OUT,노비스
939,2023-10-12 20:08:33,JJF - 노비스,OUT,노비스
940,2023-10-13 14:07:11,도대표-노비스,IN,노비스
941,2023-10-14 06:21:11,(알 수 없음),OUT,Not defined
942,2023-10-14 12:27:46,폴박사-노비스,IN,노비스
943,2023-10-14 20:26:41,부자될화니 - 노비스,IN,노비스
944,2023-10-14 21:12:17,플레인-노비스,OUT,노비스
945,2023-10-14 21:54:50,워린이,IN,Not defined
946,2023-10-15 01:13:44,카피라이터-노비스,IN,노비스
947,2023-10-15 08:07:47,리제 - 노비스,IN,노비스
948,2023-10-15 17:26:38,더윈 - 노마드,OUT,Not defined
949,2023-10-15 20:35:20,깃이-노비스,OUT,노비스
950,2023-10-16 06:42:00,최성용,OUT,Not defined
951,2023-10-16 08:25:13,(알 수 없음),OUT,Not defined
952,2023-10-16 08:43:16,카무리즈-노비스,IN,노비스
953,2023-10-16 08:59:47,JDㅡ노비스,OUT,노비스
954,2023-10-17 12:09:02,Zero2-노비스,IN,노비스
955,2023-10-17 12:12:23,무생,IN,Not defined
956,2023-10-17 20:46:25,키키1-노비스,OUT,노비스
957,2023-10-17 23:42:28,슈셔린-노비스,OUT,노비스
958,2023-10-18 00:00:41,Vistarz - 노비스,IN,노비스
959,2023-10-18 11:07:07,쏘-노비스,OUT,노비스
960,2023-10-18 12:36:03,류맘-노비스,IN,노비스
961,2023-10-18 12:43:40,손힘찬 - 기버,OUT,기버
962,2023-10-18 16:38:00,라씨-노비스,IN,노비스
963,2023-10-18 18:09:54,홍티-노비스,OUT,노비스
964,2023-10-19 02:37:19,숨니니 - 노비스,OUT,노비스
965,2023-10-19 08:26:42,화가 난 제이지,OUT,Not defined
966,2023-10-19 10:42:08,제즈도조랑말-노비스,IN,노비스
967,2023-10-19 14:29:20,세렝,OUT,Not defined
968,2023-10-19 17:34:34,kaiem-노비스,OUT,노비스
969,2023-10-19 18:52:51,신난 어피치,IN,Not defined
970,2023-10-19 19:07:11,신난 어피치,OUT,Not defined
971,2023-10-19 19:07:25,망고스틴 - 노비스,IN,노비스
972,2023-10-20 10:27:56,무비 - 노비스,IN,노비스
973,2023-10-20 17:29:42,쎄쎄-노비스,OUT,노비스
974,2023-10-20 18:18:34,Positiveself-노비스,OUT,노비스
975,2023-10-21 12:49:24,무감정 - 워프수강생,OUT,수강생
976,2023-10-22 13:52:17,최민준mj-노비스,OUT,노비스
977,2023-10-22 15:16:55,행방불명된 카페라떼-노비스,IN,노비스
978,2023-10-22 15:36:14,헌터D,IN,Not defined
979,2023-10-23 15:22:48,레드스톤 - 노비스,IN,노비스
980,2023-10-23 16:41:03,나는나입니다용-워프,IN,Not defined
981,2023-10-23 20:21:47,유유-노비스,OUT,노비스
982,2023-10-23 21:19:58,거북이거북이 - 노비스,OUT,노비스
983,2023-10-24 10:50:53,KOTA-노비스,IN,노비스
984,2023-10-24 13:24:21,관태하-노비스,OUT,노비스
985,2023-10-24 14:37:19,그리버-노비스,OUT,노비스
986,2023-10-25 05:28:01,뚱땡이-노비스,OUT,노비스
987,2023-10-25 16:30:36,Clarara-노비스,IN,노비스
988,2023-10-25 23:29:29,새벽-노비스,OUT,노비스
989,2023-10-26 11:28:21,시다미-노비스,IN,노비스
